{
  "ion_a": {
    "rmse": 1.023252764255176e-07,
    "mae": 5.616523041490246e-08,
    "r2": 0.9786577420739503
  },
  "ioff_a": {
    "rmse": 1.7289360681535935e-12,
    "mae": 1.0433634265485058e-12,
    "r2": 0.9882981404994687
  },
  "cgg_f": {
    "rmse": 5.620870779924506e-16,
    "mae": 3.5079014761032323e-16,
    "r2": 0.9900224728875363
  },
  "ft_ghz": {
    "rmse": 0.00422181069162457,
    "mae": 0.0016134902834892251,
    "r2": 0.980397582732744
  },
  "ion_over_cgg": {
    "rmse": 11714972.745388312,
    "mae": 6463642.374168704,
    "r2": 0.9734400323898271
  }
}
